feature,f_classif_score,model
PLAG1,18.223536644055166,Random Forest
PCBP2,14.756992931817924,Random Forest
SLC9A2,14.158257861822095,Random Forest
LRRC34,13.656537393495325,Random Forest
GNAS,12.739031230711417,Random Forest
RPS11,12.362505697242463,Random Forest
SORBS2,12.176148621760582,Random Forest
PHF3,11.785034099709128,Random Forest
RORA,11.477885885850643,Random Forest
DHRS12,11.231191046618425,Random Forest
NME5,11.20200103834748,Random Forest
SAMD15,11.180304828538848,Random Forest
ADAMTS1,11.145752339377461,Random Forest
USP3,11.110668256457995,Random Forest
CPE,10.85462219678998,Random Forest
USP18,10.837397190628439,Random Forest
LRRC8D,10.788830114947393,Random Forest
PKP2,10.74026966834314,Random Forest
KPNA5,10.683536498895442,Random Forest
FUBP1,10.575828153172916,Random Forest
BOLA2,10.333283661409997,Random Forest
RPS15A,10.277343424425439,Random Forest
TMEM216,10.068447544627572,Random Forest
EIF4B,9.965911220126,Random Forest
PHF20L1,9.915164600199605,Random Forest
MPP7,9.861064204956804,Random Forest
GZMB,9.787944513656742,Random Forest
YWHAZ,9.731772453996319,Random Forest
FBXW7,9.646112441044407,Random Forest
SCEL,9.629210224647439,Random Forest
BANF1,9.592625643838856,Random Forest
SERPINA7,9.464973256033637,Random Forest
TEX26,9.390685277735056,Random Forest
CD163,9.383601231283668,Random Forest
NEDD9,9.371371101987156,Random Forest
PARD6G,9.26324225489809,Random Forest
GLRA2,9.244583598504096,Random Forest
PNPO,9.172248763998255,Random Forest
MAOA,9.060654079225896,Random Forest
KLHL4,9.04354346554622,Random Forest
HPGDS,9.037652807993952,Random Forest
ENKD1,9.013426602848558,Random Forest
THAP10,9.011257830627507,Random Forest
DMTF1,8.997331391249201,Random Forest
PRADC1,8.9777019207153,Random Forest
COLEC12,8.975325434724002,Random Forest
LRCH2,8.8881419518745,Random Forest
HOOK1,8.87411924809226,Random Forest
SLX4IP,8.789822171838155,Random Forest
HTR2C,8.74996847757972,Random Forest
HSPA1A,8.680376197721786,Random Forest
CTHRC1,8.663316981538609,Random Forest
DUSP4,8.645617091176149,Random Forest
NR2F1,8.576125955861652,Random Forest
DDX6,8.570166417085526,Random Forest
PRRG1,8.54895982609081,Random Forest
CCL5,8.414510948555519,Random Forest
ANKRD49,8.36833974725518,Random Forest
NKAPL,8.160762171260641,Random Forest
ZNF256,8.159861168461187,Random Forest
CD74,8.102788707968896,Random Forest
GORAB,8.006607501738152,Random Forest
RPL35A,7.995075623903931,Random Forest
FRZB,7.985299124423173,Random Forest
NTPCR,7.954135057082153,Random Forest
HEPH,7.936319170529228,Random Forest
ITGA10,7.9135939203953285,Random Forest
SLC4A8,7.864076505292466,Random Forest
SLC25A20,7.854206067562925,Random Forest
RPS10,7.815173979226283,Random Forest
CRELD1,7.812812734880949,Random Forest
SCAF8,7.810324479566703,Random Forest
TNNT2,7.806146265677122,Random Forest
SAMD3,7.7613319752570185,Random Forest
UCHL1,7.759100717942772,Random Forest
DHRS1,7.667561641617772,Random Forest
YWHAE,7.607619278752247,Random Forest
HLA-G,7.607263033582399,Random Forest
SCYL2,7.584500700127066,Random Forest
LIMK2,7.580733254512446,Random Forest
PROM2,7.562756754524127,Random Forest
RPS25,7.553801742207731,Random Forest
DNHD1,7.503823785002948,Random Forest
AKR1C3,7.502364194307802,Random Forest
IRS2,7.5008540275823465,Random Forest
GPCPD1,7.4439625930443,Random Forest
CNN3,7.414407562644236,Random Forest
KMT2D,7.361806374072103,Random Forest
ENPP5,7.326518192274127,Random Forest
MT1F,7.320698844165585,Random Forest
RPL37A,7.319106139640739,Random Forest
LRP1B,7.300101016072278,Random Forest
SAR1B,7.256448495787271,Random Forest
ABCC4,7.216987674219688,Random Forest
CHN2,7.213962787142141,Random Forest
AKAP11,7.212778250852198,Random Forest
TCN1,7.184232588370638,Random Forest
CLN8,7.172250231761603,Random Forest
APOL4,7.171632730067202,Random Forest
SET,7.167964390159006,Random Forest
SURF2,7.159731631030183,Random Forest
RFXANK,7.150822469036416,Random Forest
POU2F1,7.136195821726335,Random Forest
TBX22,7.117606941040114,Random Forest
KSR1,7.111368579886271,Random Forest
ALKBH4,7.107538639082899,Random Forest
ARL6,7.093910831322473,Random Forest
DDHD2,7.093577014850677,Random Forest
F9,7.078731582458497,Random Forest
UBE2E1,7.075950010112586,Random Forest
MNDA,7.050802063288827,Random Forest
AGPAT4,7.006737401384786,Random Forest
ELP3,6.987861966804218,Random Forest
PRSS33,6.987806474229196,Random Forest
MCMDC2,6.9694724504181735,Random Forest
ENAH,6.940931423177692,Random Forest
PDE10A,6.917040465759842,Random Forest
NEURL4,6.893726983199486,Random Forest
ELL2,6.8783295726978935,Random Forest
UCN2,6.8448963768685,Random Forest
RBPJ,6.82872047800839,Random Forest
SHQ1,6.81882995937346,Random Forest
KDM2B,6.811672459347698,Random Forest
ADH1B,6.809618480517855,Random Forest
NFAT5,6.800241089616831,Random Forest
WDR72,6.789491056711737,Random Forest
AK1,6.788849205289028,Random Forest
DDX24,6.785460766371699,Random Forest
CTNNB1,6.777445494363303,Random Forest
SIGLEC6,6.7593343146856775,Random Forest
ZFP36L1,6.757909925827631,Random Forest
NCOA4,6.755784214235375,Random Forest
ZNF268,6.745189661458722,Random Forest
DNAJB13,6.665373483580669,Random Forest
ADAM28,6.65147839178609,Random Forest
SNPH,6.647642952990366,Random Forest
PPP1R13L,6.638822534469157,Random Forest
ZNF337,6.621360104509388,Random Forest
PABPC1,6.612817913041298,Random Forest
SEMA3A,6.609102544954503,Random Forest
LYN,6.60512215668578,Random Forest
RPS6KB1,6.575093969205674,Random Forest
PAPOLB,6.567996118512107,Random Forest
FHOD3,6.5609783181310535,Random Forest
KRT19,6.557877769519963,Random Forest
MID2,6.549881617951114,Random Forest
SLFN13,6.54303395108323,Random Forest
WDR46,6.536271222496249,Random Forest
CTPS2,6.531705656926308,Random Forest
B2M,6.515961601957224,Random Forest
SIX4,6.513157953780653,Random Forest
GABRA2,6.504574787131235,Random Forest
P2RY12,6.498378749845356,Random Forest
GALNT6,6.476360432726384,Random Forest
YTHDC2,6.462774451593807,Random Forest
APOL3,6.457363992716955,Random Forest
RRAS2,6.453910819626185,Random Forest
CXCL14,6.449143428182625,Random Forest
MKX,6.448022399140951,Random Forest
NPM1,6.429320362119476,Random Forest
NUP133,6.383602430619363,Random Forest
CHRDL1,6.380492605535487,Random Forest
NAPRT,6.379126737693568,Random Forest
TNMD,6.3737151620164605,Random Forest
RBP7,6.371813105222584,Random Forest
DZIP3,6.359527319583152,Random Forest
ZNF207,6.354925854334788,Random Forest
CLK4,6.354309446692095,Random Forest
CDH6,6.340082739344317,Random Forest
TRIM7,6.339984687446836,Random Forest
PPIG,6.337017344340888,Random Forest
LMLN,6.327681850641782,Random Forest
RARB,6.322145708818985,Random Forest
GYPC,6.304743791822621,Random Forest
ORMDL3,6.274944353516617,Random Forest
IRF1,6.270668399047143,Random Forest
ZNF266,6.262819242865723,Random Forest
NLGN1,6.256809771761809,Random Forest
THUMPD3,6.255976658233613,Random Forest
LHFPL1,6.2513855712336825,Random Forest
JUP,6.241506284929321,Random Forest
UBE2T,6.218444516055173,Random Forest
PKHD1L1,6.208629088846786,Random Forest
KDM3B,6.165743519156008,Random Forest
ZNF791,6.1542687357713115,Random Forest
GLRX3,6.151710055187648,Random Forest
FAM120B,6.146982650458379,Random Forest
CENPC,6.1366712710807105,Random Forest
ABCA5,6.131805527368566,Random Forest
KATNB1,6.12064031407048,Random Forest
HSPBP1,6.099161652633329,Random Forest
PMVK,6.098807156531708,Random Forest
A1CF,6.0950050976165215,Random Forest
TP53AIP1,6.093125966486394,Random Forest
BCL2L15,6.089114182100944,Random Forest
GCNT4,6.068333782548343,Random Forest
LYG1,6.058932998760861,Random Forest
MORN5,6.055989488564027,Random Forest
IFNB1,6.0260226339331355,Random Forest
RTKN,6.025802391082468,Random Forest
SMARCB1,6.017535783392823,Random Forest
GZMH,6.0147631850970305,Random Forest
EP300,6.0135112651003215,Random Forest
KAT7,6.007107310978977,Random Forest
CHD2,5.99715835049884,Random Forest
SPA17,5.98558793716888,Random Forest
NDUFB3,5.982842300281857,Random Forest
BCHE,5.982272374424908,Random Forest
RABEPK,5.980746057903449,Random Forest
MS4A2,5.978726680427291,Random Forest
SPATA20,5.976400916626625,Random Forest
ZBTB24,5.968229625280914,Random Forest
DYNC2LI1,5.965650671382689,Random Forest
NDUFAF7,5.964137453141521,Random Forest
OTUD6B,5.949995123235306,Random Forest
CBLN2,5.92953690205197,Random Forest
DNAH6,5.92937865193901,Random Forest
CAP2,5.92795629585724,Random Forest
LMAN2L,5.918486354675254,Random Forest
BCL2L11,5.913470612422353,Random Forest
LGALS8,5.876275796929682,Random Forest
YY1AP1,5.873945956606299,Random Forest
MICALL2,5.845476318718627,Random Forest
SLC52A2,5.843919581726651,Random Forest
SENP7,5.838273283320951,Random Forest
PTGS2,5.8297793628827845,Random Forest
AHSG,5.829088146640218,Random Forest
LCA5,5.819401901203557,Random Forest
IRF2BP2,5.813212431652851,Random Forest
ASRGL1,5.810024140166124,Random Forest
KRT40,5.806492086469267,Random Forest
OAS1,5.80450618761029,Random Forest
UGT1A1,5.773753956819661,Random Forest
GEMIN6,5.7685905833648174,Random Forest
HS6ST2,5.761506725399014,Random Forest
INO80,5.7613484683765055,Random Forest
DNAJC12,5.7605178205111605,Random Forest
TPBG,5.759674838576406,Random Forest
SF1,5.750850602834802,Random Forest
ZNF148,5.747062470377808,Random Forest
DNER,5.74220372189648,Random Forest
GRP,5.7369832726062775,Random Forest
BRD8,5.728200552050113,Random Forest
DHX9,5.694712839226273,Random Forest
IRF6,5.676968791387743,Random Forest
ELL3,5.673221715587866,Random Forest
PORCN,5.670343670592777,Random Forest
ARRDC3,5.640003394999311,Random Forest
SRP14,5.633281028301882,Random Forest
KLHDC9,5.625448524685274,Random Forest
TFIP11,5.615345523332722,Random Forest
GPX4,5.599042503579245,Random Forest
DNAH12,5.594670421409971,Random Forest
LDOC1,5.581605113920253,Random Forest
FBXO16,5.575161473948437,Random Forest
SF3A3,5.567242938913545,Random Forest
MCM3,5.562250864227471,Random Forest
SNX13,5.549503755079365,Random Forest
TCEAL1,5.539501909468366,Random Forest
ENSA,5.5299729202680235,Random Forest
LRRC49,5.519327555324635,Random Forest
TOPORS,5.473100249214777,Random Forest
DLG3,5.470200770093671,Random Forest
RNFT2,5.467451082468551,Random Forest
RUSC1,5.464110698547341,Random Forest
PTK2,5.458105512630897,Random Forest
RPLP2,5.4547706774707905,Random Forest
ALS2CL,5.436071916165002,Random Forest
FGFBP2,5.4341975964021945,Random Forest
KCNH7,5.4310065076374014,Random Forest
HELZ,5.42900461037765,Random Forest
RBM26,5.420460884535328,Random Forest
AGBL2,5.408916055194913,Random Forest
DYNC1H1,5.371429876623293,Random Forest
FEM1B,5.370607272513638,Random Forest
NOL3,5.366792829711769,Random Forest
IGSF1,5.360120747972717,Random Forest
BTBD6,5.352402962452612,Random Forest
GPBP1,5.34979866877863,Random Forest
IQCD,5.346074638443282,Random Forest
SLC27A3,5.342404472593275,Random Forest
HERPUD2,5.340274168517966,Random Forest
TRDN,5.327816005046495,Random Forest
DDX20,5.320493648072574,Random Forest
FAM133B,5.311987247975788,Random Forest
FOXR2,5.30800527312013,Random Forest
KIF19,5.305592941497893,Random Forest
ROS1,5.30162148222826,Random Forest
DCX,5.289082268123393,Random Forest
PASD1,5.286947554812862,Random Forest
CD40,5.2863828586457,Random Forest
ST6GAL2,5.2822127255397096,Random Forest
TMEM160,5.278846216334391,Random Forest
LRRC36,5.273192672837449,Random Forest
TMEM47,5.259917076913349,Random Forest
BOD1L1,5.2579299092292295,Random Forest
RNF181,5.252892216398152,Random Forest
MCEMP1,5.242974854729852,Random Forest
PHYHIPL,5.240139105412441,Random Forest
CHL1,5.238466333705946,Random Forest
ZBTB44,5.235877160838215,Random Forest
GPBP1L1,5.235433803328946,Random Forest
GAPVD1,5.228333661431886,Random Forest
CREBL2,5.22129421636725,Random Forest
LSG1,5.219316399564927,Random Forest
KLRB1,5.215210829366756,Random Forest
RPS27A,5.207198375771943,Random Forest
ING5,5.197942221597844,Random Forest
IRF7,5.186112813088186,Random Forest
LRRC1,5.171624346146582,Random Forest
CTNNAL1,5.1702788416390195,Random Forest
SLC25A22,5.165628366771403,Random Forest
PABPC3,5.164309887023532,Random Forest
CXCR6,5.158095813738792,Random Forest
ZNF473,5.156563626568206,Random Forest
ZNF91,5.156215615180054,Random Forest
PCDH19,5.155541334213777,Random Forest
TFF1,5.149233261409723,Random Forest
OR8D2,5.133626541602091,Random Forest
NRG1,5.128506285556469,Random Forest
SELL,5.128333942201162,Random Forest
MCF2,5.121424657438144,Random Forest
GLYR1,5.1182523923409695,Random Forest
CREB5,5.117491760857625,Random Forest
KLHL1,5.114831647583569,Random Forest
FGF16,5.113014118927556,Random Forest
BTBD8,5.111060490605725,Random Forest
RNMT,5.108973081935733,Random Forest
C1orf174,5.096923395478896,Random Forest
HPSE,5.092803084654568,Random Forest
CLCNKB,5.088426126675565,Random Forest
SCG3,5.087964874750308,Random Forest
APOLD1,5.0854230065772175,Random Forest
BBS10,5.0829538720662555,Random Forest
HNRNPUL1,5.082691657760476,Random Forest
FERMT1,5.072061701805342,Random Forest
ZNF182,5.065427629162629,Random Forest
CDH19,5.0541013462750835,Random Forest
IST1,5.051127735849266,Random Forest
MKNK2,5.050254562120931,Random Forest
HLA-DQB2,5.0428402377205535,Random Forest
IRAK2,5.0382012541653065,Random Forest
DUSP3,5.026806085655736,Random Forest
IGFBPL1,5.024634795674635,Random Forest
CNP,5.018514593824972,Random Forest
SMAD3,5.013875796971773,Random Forest
PLA2G7,5.009109336940322,Random Forest
HYOU1,5.0068336036536545,Random Forest
SAGE1,4.998476412693292,Random Forest
IFT27,4.979661384929718,Random Forest
HTRA4,4.973337711333646,Random Forest
KATNAL1,4.969711904475126,Random Forest
GNPTAB,4.969149599846903,Random Forest
ARPP21,4.967445376929315,Random Forest
EPHX4,4.96242460076105,Random Forest
CXCL13,4.962022985983382,Random Forest
SF3B1,4.9555121367988475,Random Forest
ZC3H13,4.944764920799415,Random Forest
LRWD1,4.9432062690364145,Random Forest
ELK4,4.942194974939257,Random Forest
XAF1,4.933469319980347,Random Forest
SETD2,4.9331826196731035,Random Forest
HOXC11,4.9323196738421515,Random Forest
ZNF584,4.930286316866625,Random Forest
XIRP2,4.926365714122761,Random Forest
NKTR,4.917521274722276,Random Forest
CPSF6,4.913314405560763,Random Forest
CEP250,4.897339966752833,Random Forest
HRK,4.8921750160022,Random Forest
BCL11B,4.879594674136011,Random Forest
SDR16C5,4.8704430951288655,Random Forest
C4orf33,4.8559184778055675,Random Forest
OGFRL1,4.8545336169329865,Random Forest
TRIM16,4.846964619390583,Random Forest
RAB25,4.846163201556799,Random Forest
PDK4,4.843510593745244,Random Forest
EIF3E,4.822238322298234,Random Forest
MMP13,4.81323813023365,Random Forest
SPOCK2,4.800031716413347,Random Forest
SLC17A5,4.793556928257051,Random Forest
PRDX6,4.785605171692182,Random Forest
GRIA3,4.778526044371607,Random Forest
SLC7A8,4.775106808006219,Random Forest
HMGB1,4.772425315665181,Random Forest
TM6SF1,4.770547949611201,Random Forest
CCDC186,4.7699261455206345,Random Forest
SLC4A9,4.765734658489741,Random Forest
THUMPD1,4.757951949518297,Random Forest
FLNB,4.743393408545633,Random Forest
ZNF514,4.73877981579771,Random Forest
ZNF804B,4.738355859282497,Random Forest
NR1D2,4.729862072412741,Random Forest
C5,4.720502910600085,Random Forest
EMB,4.714859282473719,Random Forest
SPAM1,4.711089711976846,Random Forest
SCN2A,4.710370156419476,Random Forest
DCP1A,4.703193270390275,Random Forest
PLEKHA6,4.696999903587717,Random Forest
ZNF483,4.681056668751481,Random Forest
SPATA45,4.67439960762598,Random Forest
RECQL5,4.671618544748749,Random Forest
CARD16,4.669957992052255,Random Forest
FGF2,4.664031992396533,Random Forest
SCAF11,4.658241750177352,Random Forest
ANXA10,4.657785513377345,Random Forest
CASP8,4.656921771435613,Random Forest
PRSS23,4.656249597976252,Random Forest
TFB1M,4.633600385043632,Random Forest
HERC1,4.630588061111516,Random Forest
RPS18,4.6293453634069825,Random Forest
MS4A4A,4.628045119817074,Random Forest
ARF1,4.627345804277339,Random Forest
B3GAT2,4.626311007732522,Random Forest
TBP,4.6245262393149025,Random Forest
RPL5,4.6209088877452,Random Forest
DCAF16,4.612811604390517,Random Forest
COPZ2,4.612605833084098,Random Forest
SLC17A4,4.607845323378839,Random Forest
IFITM2,4.604284516722515,Random Forest
IL13RA2,4.597331543775827,Random Forest
DPY19L3,4.593558588288038,Random Forest
C1orf43,4.579608254629958,Random Forest
VSNL1,4.573128729797192,Random Forest
ZZZ3,4.568806356148263,Random Forest
SCN1A,4.568113071580306,Random Forest
DOCK10,4.566134510484612,Random Forest
CHKA,4.559476218167894,Random Forest
BBX,4.554846326125767,Random Forest
S100A8,4.5503200411473586,Random Forest
SCIN,4.5422510816418855,Random Forest
SERPINE1,4.541810308012329,Random Forest
PDE1C,4.541200415318081,Random Forest
CAPN12,4.537855785462602,Random Forest
SPX,4.527652538265273,Random Forest
IFNGR1,4.526932609042306,Random Forest
AVPR1A,4.524707771577781,Random Forest
ZBTB20,4.514009080674747,Random Forest
CXCL11,4.500990684616899,Random Forest
CLIC5,4.4957795205352795,Random Forest
TPI1,4.487890370131726,Random Forest
STX10,4.487210689470461,Random Forest
DHFR,4.48599390098433,Random Forest
HMCN1,4.483064778058963,Random Forest
ZNF12,4.481888718451548,Random Forest
POM121L8P,4.4766908156222955,Random Forest
COL4A5,4.46876695068572,Random Forest
CD24,4.4681665201432,Random Forest
MDM1,4.461651737267985,Random Forest
PEX11G,4.460204181270544,Random Forest
RNF125,4.4598077736380635,Random Forest
PCDHB4,4.444298829794908,Random Forest
ZPBP,4.439550973971905,Random Forest
SLC30A8,4.417530293480833,Random Forest
SHISA5,4.414837796332526,Random Forest
ALCAM,4.409551174499364,Random Forest
DPYSL3,4.4089705622228985,Random Forest
TACSTD2,4.408732365754811,Random Forest
TSG101,4.399395585484182,Random Forest
SPATA9,4.396997277418369,Random Forest
ABCG8,4.392559042661994,Random Forest
CEP41,4.383056927028257,Random Forest
ZNF654,4.3806807075897805,Random Forest
NUP210L,4.378497618652663,Random Forest
STK17B,4.3739137107974155,Random Forest
FAAH,4.371217026494134,Random Forest
NELL2,4.366264588399414,Random Forest
GSTZ1,4.365931249363079,Random Forest
INTS9,4.361830040409473,Random Forest
JAM2,4.356919433057126,Random Forest
TOMM20,4.356756793862732,Random Forest
DNTTIP2,4.355638916102627,Random Forest
ITPRIPL1,4.3530400014876225,Random Forest
PABPN1,4.350688281681912,Random Forest
STK31,4.346872090557913,Random Forest
AFF4,4.346068092269333,Random Forest
ZNF512B,4.331613145082234,Random Forest
CDC42,4.331152772037826,Random Forest
TNFRSF13B,4.325615244953963,Random Forest
SNRPN,4.3237170830239755,Random Forest
DYNC1I2,4.3204186639207816,Random Forest
KRT23,4.316108494543694,Random Forest
PCNP,4.307783806237145,Random Forest
HLA-A,4.305060119270391,Random Forest
WDR45B,4.302002491578497,Random Forest
ABCC10,4.3006462298460875,Random Forest
RHOXF1,4.29960540703219,Random Forest
HOOK3,4.291364924497323,Random Forest
NFE2L3,4.290563547717385,Random Forest
TTC39C,4.289827602357045,Random Forest
TP73,4.286592327546568,Random Forest
ADAMTSL4,4.286037309660777,Random Forest
HSCB,4.285868560787421,Random Forest
TEAD2,4.279446625102558,Random Forest
SCN7A,4.27554286248924,Random Forest
PCDH8,4.275359500899053,Random Forest
RBM15,4.261786233880223,Random Forest
HSF2,4.2615322669766815,Random Forest
PHC3,4.254960344759225,Random Forest
IFI35,4.253846609502629,Random Forest
TSPAN13,4.253493449388825,Random Forest
LILRA4,4.2514924023965115,Random Forest
BET1L,4.245281475135423,Random Forest
CLEC4A,4.236397875980746,Random Forest
PPIL4,4.236046278848465,Random Forest
PSMB7,4.236033457679921,Random Forest
SLCO4C1,4.228841266020061,Random Forest
NAA16,4.228789466254293,Random Forest
PRR15,4.220888064575909,Random Forest
KRT10,4.215401991207824,Random Forest
EHBP1,4.2153241808776825,Random Forest
CEP120,4.213513458238381,Random Forest
UBE2E3,4.21141014784737,Random Forest
MAP3K7,4.211136750870935,Random Forest
COBLL1,4.210624866115951,Random Forest
CTDSPL2,4.209167431436928,Random Forest
CNTN6,4.201219558459445,Random Forest
CSRP1,4.197244369304,Random Forest
COPS2,4.1942536892086215,Random Forest
ZNF438,4.193560332912561,Random Forest
CDK20,4.193513535408769,Random Forest
ZNF136,4.19283662613104,Random Forest
BCLAF1,4.189592911189805,Random Forest
SMURF2,4.188611934164495,Random Forest
ROBO3,4.186484552666907,Random Forest
ACSL3,4.186294948351294,Random Forest
EIF1,4.180964730526095,Random Forest
GALNT12,4.168059258329842,Random Forest
PDZK1,4.16223803402747,Random Forest
MAP2K6,4.155682540225452,Random Forest
ZDHHC16,4.147950150986007,Random Forest
EFCAB12,4.141990732701886,Random Forest
GRIA4,4.1397208192323545,Random Forest
UBQLN1,4.134018852991509,Random Forest
BTF3L4,4.132018713643136,Random Forest
FGG,4.127537637140469,Random Forest
LYPLA2,4.119640651102038,Random Forest
FKBP1A,4.119207930918033,Random Forest
IGFBP4,4.114546551020233,Random Forest
ETNK1,4.109396050436809,Random Forest
SUPT6H,4.108111901330011,Random Forest
BTK,4.105738643928235,Random Forest
TRPT1,4.0952224746877315,Random Forest
LCA5L,4.088145516110078,Random Forest
KCNC2,4.077908538579327,Random Forest
IL5,4.073223808883015,Random Forest
FDXR,4.070167243415715,Random Forest
PTCRA,4.06593518613728,Random Forest
CPA3,4.065750685214698,Random Forest
MDM4,4.059437287798143,Random Forest
CCDC93,4.059255543325681,Random Forest
MATR3,4.05060472405508,Random Forest
RYK,4.049022259696408,Random Forest
RPF1,4.043807513908094,Random Forest
NFASC,4.040937877354734,Random Forest
RCC1,4.040246474800931,Random Forest
GNA14,4.034988351954054,Random Forest
PRB1,4.029192478906942,Random Forest
NIPAL3,4.029062141174522,Random Forest
CAPN6,4.026069101512575,Random Forest
RHEB,4.026025019857026,Random Forest
CD38,4.02335664514653,Random Forest
CAV2,4.018628758115458,Random Forest
EIF4EBP1,4.016453629912707,Random Forest
TLDC2,3.9951701542844034,Random Forest
RAD17,3.994071802219389,Random Forest
ZC3H7A,3.9920358521088404,Random Forest
CBR3,3.984091464942016,Random Forest
AURKAIP1,3.9825628021512465,Random Forest
ZNF252P-AS1,3.98236357523837,Random Forest
ZDHHC21,3.980690646537168,Random Forest
STX17,3.9797988827335846,Random Forest
YWHAH,3.977019770514144,Random Forest
RHOD,3.974727528643973,Random Forest
PTP4A2,3.9740626751875303,Random Forest
MRPL50,3.971890714023267,Random Forest
EEF2,3.9682558620267163,Random Forest
CHCHD4,3.966396852214569,Random Forest
RHOV,3.964457761485579,Random Forest
ZNF229,3.9590024650936364,Random Forest
EPM2AIP1,3.957775649154634,Random Forest
VIM,3.9499207877529634,Random Forest
CMTR1,3.949125793306821,Random Forest
TRPC1,3.948567074346811,Random Forest
LIG4,3.942906587284773,Random Forest
SH3GLB1,3.9418723727719795,Random Forest
DSEL,3.939837577314867,Random Forest
TMTC4,3.9393711269409892,Random Forest
SCG5,3.929241071118238,Random Forest
ASH1L,3.9267060233873767,Random Forest
RHOG,3.9243839748408713,Random Forest
MTMR12,3.9187590749338677,Random Forest
HLA-DMA,3.9163547973919135,Random Forest
GPR137B,3.9149775471288923,Random Forest
TPR,3.9148029741656223,Random Forest
USP21,3.9119964695769185,Random Forest
SMARCA2,3.9089474390342027,Random Forest
SETD4,3.9027756834861242,Random Forest
SCIMP,3.902635884148928,Random Forest
WBP11,3.902096387054263,Random Forest
FASTKD3,3.9019882593235384,Random Forest
CEACAM1,3.8996619870912217,Random Forest
CPSF7,3.889263508813483,Random Forest
TSPAN3,3.8852290659257385,Random Forest
SRSF11,3.8836327890944013,Random Forest
RAB5C,3.882727763807268,Random Forest
VCPKMT,3.8822678637573467,Random Forest
CBLL1,3.877517073237377,Random Forest
VCAN,3.873857587638865,Random Forest
TBC1D16,3.8715265511226353,Random Forest
CDKL3,3.8653374846034683,Random Forest
POC5,3.8603479418473574,Random Forest
WDR73,3.8585150385535325,Random Forest
ABCD3,3.8583592335202863,Random Forest
MYADM,3.857210620985959,Random Forest
HLA-E,3.8542121725768244,Random Forest
RBM39,3.8507685473265947,Random Forest
PEX14,3.8471931978874876,Random Forest
KCNJ2,3.845236309927641,Random Forest
LAMC1,3.841797897492733,Random Forest
MORF4L1,3.841032025015351,Random Forest
MPDZ,3.8395757339982572,Random Forest
CLASP2,3.8386565532894608,Random Forest
TAF1,3.837372977707232,Random Forest
UVRAG,3.835749051470804,Random Forest
RPS27,3.834774069017888,Random Forest
DVL3,3.834063457853925,Random Forest
NDE1,3.8323076465204435,Random Forest
LANCL2,3.831014366170798,Random Forest
RCCD1,3.8254194273298587,Random Forest
CXorf58,3.823958034552166,Random Forest
STK32A,3.8208190486683526,Random Forest
PPOX,3.8207778794453002,Random Forest
IFNL1,3.8194759493907293,Random Forest
ATP1A1,3.819229118133976,Random Forest
MTERF1,3.818590457939529,Random Forest
SEC23IP,3.8179565465697505,Random Forest
ALOX15,3.814511839806777,Random Forest
TUSC2,3.8140814499133144,Random Forest
CSF2RB,3.813197415245013,Random Forest
GIN1,3.812394638010013,Random Forest
EIF3H,3.810811350434449,Random Forest
SRSF3,3.8080503967355943,Random Forest
OAS3,3.8075837836440605,Random Forest
BFAR,3.806501955823478,Random Forest
SPHK2,3.80580569195848,Random Forest
B3GNT6,3.8021784242145515,Random Forest
RASA2,3.800751507911017,Random Forest
XAGE1B,3.7983547007706475,Random Forest
SLC25A13,3.794023906466364,Random Forest
RASSF7,3.79280636718217,Random Forest
HSPA6,3.7915632772768184,Random Forest
MORF4L2,3.7860270918409507,Random Forest
SC5D,3.7838723528629368,Random Forest
NHS,3.7764749773658006,Random Forest
TIMELESS,3.7663890088165473,Random Forest
PALMD,3.764652826131355,Random Forest
MRPL12,3.7606287843149615,Random Forest
TFPI2,3.7563824886904325,Random Forest
PSENEN,3.7559811103041922,Random Forest
GIMAP4,3.7539879620856635,Random Forest
TMEM123,3.753424795056187,Random Forest
TOR1AIP2,3.753405059591886,Random Forest
COX20,3.7487882527024,Random Forest
CTSV,3.742832470568684,Random Forest
ARGLU1,3.739222419657322,Random Forest
PYROXD2,3.736827057605566,Random Forest
EIF4G2,3.736804088798688,Random Forest
HEATR3,3.7355787726262135,Random Forest
AGR2,3.731565523424044,Random Forest
PABPC1L2A,3.7280633053909975,Random Forest
F2,3.721024907415053,Random Forest
RBBP4,3.7191567248926303,Random Forest
CLDN23,3.7181721268287795,Random Forest
CTNNA2,3.7063188626589407,Random Forest
TCEA2,3.705936642945313,Random Forest
NINJ1,3.7046095067116744,Random Forest
PLAC8,3.703984225526694,Random Forest
TIE1,3.6987489126725355,Random Forest
C6orf120,3.696860554649574,Random Forest
RBMS1,3.6953619153799586,Random Forest
GPHB5,3.6907717084249256,Random Forest
SCO1,3.6880080258803933,Random Forest
CCS,3.68260503841081,Random Forest
TSNAXIP1,3.6811050694737797,Random Forest
RPS21,3.6746815213996062,Random Forest
WNK3,3.672543537911763,Random Forest
ZFYVE19,3.6717352271023915,Random Forest
DHX29,3.6649130185035608,Random Forest
AHI1,3.662542749124586,Random Forest
WDR70,3.6593314856953505,Random Forest
SRD5A1,3.6582320861854796,Random Forest
CDC42SE2,3.6548588848061647,Random Forest
ITGA6,3.653686861755324,Random Forest
PRKCA,3.653652837890952,Random Forest
SLBP,3.653273991823711,Random Forest
MYLK3,3.6493957228386837,Random Forest
HLA-DRA,3.6464720397431227,Random Forest
NPFF,3.645341729175544,Random Forest
SNAP91,3.6420138466118424,Random Forest
NEIL2,3.64129430681248,Random Forest
CRH,3.6405295881987105,Random Forest
SPAG16,3.6395554855813432,Random Forest
SESTD1,3.6341667565988605,Random Forest
CETN1,3.63160432091106,Random Forest
OAS2,3.631523839069185,Random Forest
SAC3D1,3.6280498959127447,Random Forest
CCNT1,3.6280366295713806,Random Forest
HMGCL,3.6261809290258067,Random Forest
ANP32B,3.626155682184182,Random Forest
PDZD4,3.6254737600765226,Random Forest
NMU,3.6229194601260826,Random Forest
SNCAIP,3.6177633654124985,Random Forest
TSC22D3,3.6158133790311955,Random Forest
GDF9,3.611678645181261,Random Forest
ATXN7,3.6105223380437117,Random Forest
GLI4,3.6085747702297053,Random Forest
IPO13,3.6062067150018304,Random Forest
SLC2A4,3.6058969118262185,Random Forest
ACVR2A,3.5999241762237477,Random Forest
RCAN1,3.597891017441962,Random Forest
LENG1,3.5973542148038886,Random Forest
RBM38,3.5969105223241167,Random Forest
RBM23,3.5949248454810254,Random Forest
HYI,3.5947869794373983,Random Forest
CDKL2,3.594458567766243,Random Forest
LBH,3.5924208719164645,Random Forest
CLEC2D,3.5908364143198344,Random Forest
PAIP1,3.588620303866763,Random Forest
JMY,3.5845695509862154,Random Forest
HK2,3.578672492126059,Random Forest
NSMCE4A,3.5760916193010117,Random Forest
TAS2R9,3.57172039552375,Random Forest
GCSAM,3.570676166636804,Random Forest
CD3D,3.565919505171032,Random Forest
EDF1,3.5658073701706665,Random Forest
OSCP1,3.5628691815279185,Random Forest
C6orf58,3.5603042883714706,Random Forest
IER3,3.559838094514221,Random Forest
A4GALT,3.5584529498419806,Random Forest
LY96,3.55812765693452,Random Forest
PERP,3.5550817756737967,Random Forest
RGS1,3.554282016839128,Random Forest
KLHL30-AS1,3.5514594523689325,Random Forest
SIMC1,3.548751226336618,Random Forest
SPATS1,3.5480088368664844,Random Forest
RTTN,3.5478326081211446,Random Forest
PRPF3,3.5403119849381786,Random Forest
ZNF213,3.539815970472053,Random Forest
ZNF572,3.537773459465136,Random Forest
RNASEH2A,3.534889229628778,Random Forest
CADPS2,3.5283887307097377,Random Forest
LATS1,3.5282733908940385,Random Forest
CCDC13,3.5277366993728827,Random Forest
FMO1,3.527117252689974,Random Forest
CCDC115,3.526897910422847,Random Forest
CDKN2AIP,3.525628500281124,Random Forest
OSBPL9,3.522020417924662,Random Forest
MAPK8,3.519943662809198,Random Forest
DGKK,3.519200105278582,Random Forest
ALG3,3.518358423214362,Random Forest
IL1R2,3.517658076455186,Random Forest
GDPD2,3.517510782932398,Random Forest
SPATA1,3.5147604250514726,Random Forest
SH2D2A,3.5133659833925814,Random Forest
PPP1R17,3.5095555290059117,Random Forest
SSH1,3.5072718096680195,Random Forest
BAD,3.5015515332276075,Random Forest
UBC,3.497470504845696,Random Forest
BSPRY,3.4964121951163083,Random Forest
TOP1,3.491444366969761,Random Forest
GOLGA4,3.490381807751117,Random Forest
HOXD13,3.489273276942485,Random Forest
BRINP2,3.4879326373805717,Random Forest
PCM1,3.487447538226109,Random Forest
BRWD1,3.4853098437640133,Random Forest
CCL20,3.4829388050661283,Random Forest
PDPK1,3.4820450812636223,Random Forest
LBP,3.4806998718518214,Random Forest
PI4K2B,3.4740363262575804,Random Forest
COQ10A,3.4736781050368792,Random Forest
ZNF354A,3.4677473606531444,Random Forest
DNAL1,3.4658046307060055,Random Forest
PPP1R14C,3.465318508253106,Random Forest
PRPF8,3.4634436621128435,Random Forest
UBTD1,3.4631468354933537,Random Forest
PRKCI,3.4630922498330197,Random Forest
CHD1,3.46049961563674,Random Forest
RB1CC1,3.4575724528326535,Random Forest
CRYBB2,3.456550243664581,Random Forest
GADD45G,3.4559590083212095,Random Forest
PTGER3,3.4553493970851954,Random Forest
S100A16,3.4518705911141883,Random Forest
OR5I1,3.4499714781940263,Random Forest
FCGR2B,3.447802198328842,Random Forest
RPL30,3.446361134497668,Random Forest
EMC7,3.4458274520190213,Random Forest
FABP5,3.438596249194941,Random Forest
ARIH1,3.438590354229611,Random Forest
DNAJB8,3.435871843393933,Random Forest
ALK,3.4353325879644343,Random Forest
OR51I1,3.4329429968727827,Random Forest
FAN1,3.4328950017460302,Random Forest
GABRG1,3.4305473995671187,Random Forest
WFDC1,3.4297231746392147,Random Forest
GOT1,3.429281937821141,Random Forest
KANSL1,3.4250229156286465,Random Forest
UBR1,3.4235084622246794,Random Forest
KLK7,3.422349497881917,Random Forest
SLC9A9,3.4221512960524327,Random Forest
C12orf76,3.421062418279221,Random Forest
CYP39A1,3.419095841171236,Random Forest
DDX5,3.417764725665821,Random Forest
PIK3IP1,3.4164404158697304,Random Forest
ITGB6,3.4161689422389463,Random Forest
CSNK1E,3.4121152419170357,Random Forest
UGT2B4,3.411295318762389,Random Forest
ZNF789,3.410179285829115,Random Forest
ZNF542P,3.4079794416789744,Random Forest
ID2,3.4028558191302434,Random Forest
TNFAIP2,3.4025905485587638,Random Forest
NT5E,3.399264013032912,Random Forest
ZNF124,3.396053111829695,Random Forest
RPL15,3.3927989326232924,Random Forest
C4orf19,3.3919029362835134,Random Forest
GLS,3.3882419514334585,Random Forest
COL16A1,3.3875338739635836,Random Forest
EIF3F,3.3855999380779154,Random Forest
DLG2,3.3847059469708523,Random Forest
NUP35,3.377812334453906,Random Forest
NEDD1,3.3734292593113615,Random Forest
RASEF,3.372993843281264,Random Forest
PIK3C2A,3.36899819540844,Random Forest
CD8A,3.364055803367704,Random Forest
PRUNE2,3.3638725052565572,Random Forest
FGFRL1,3.3626603018297168,Random Forest
RGS13,3.3616488159252165,Random Forest
SIGMAR1,3.3615861729428285,Random Forest
STAP2,3.3604121700422236,Random Forest
C11orf24,3.35900807779444,Random Forest
RPL23A,3.3530554165246547,Random Forest
RPP25,3.3505376177821824,Random Forest
PCGF6,3.3498182977307116,Random Forest
EML4,3.3452002264449576,Random Forest
ARID2,3.344646307364978,Random Forest
SPAG9,3.342743620030177,Random Forest
RTP4,3.341729308600926,Random Forest
FMNL2,3.341642819880041,Random Forest
TRIM25,3.340157082465475,Random Forest
AGR3,3.3389177069173472,Random Forest
ELMOD1,3.338390579891127,Random Forest
SLC25A27,3.337802641102491,Random Forest
C2orf76,3.337452284008673,Random Forest
MICB,3.335031795630519,Random Forest
PUS3,3.3337691127895814,Random Forest
TSEN54,3.3334418944235793,Random Forest
ODC1,3.3319640585673853,Random Forest
SI,3.329958268503335,Random Forest
FIBIN,3.328089375764953,Random Forest
EFCAB3,3.3260441257012974,Random Forest
LSP1,3.3253139519052093,Random Forest
TDRP,3.3247894649744514,Random Forest
SKP2,3.3231425046222998,Random Forest
MKLN1,3.3230019738040184,Random Forest
AZIN2,3.322255811460313,Random Forest
UEVLD,3.321726313003403,Random Forest
IL6ST,3.3202284299112903,Random Forest
FMNL1,3.3187380833482707,Random Forest
CA4,3.316864678674767,Random Forest
GPR157,3.3104065435235115,Random Forest
SF3A1,3.309429554647729,Random Forest
ATF2,3.3081747230009415,Random Forest
FBXO25,3.3059686681984544,Random Forest
RAD9A,3.302131165753745,Random Forest
KDR,3.301231533210304,Random Forest
MED28,3.2992515070798194,Random Forest
PRPF31,3.2984400586037603,Random Forest
CCDC106,3.2983129020430306,Random Forest
HERC5,3.2962483536427585,Random Forest
L3MBTL2,3.2961459645298885,Random Forest
HTR7,3.290114368209143,Random Forest
ING3,3.286835470821085,Random Forest
SYCP2,3.2868153157589957,Random Forest
TSACC,3.2867442329242698,Random Forest
SON,3.2829743553662127,Random Forest
COL4A2,3.280135156648889,Random Forest
SPRYD3,3.279738743131898,Random Forest
COG4,3.279317372259189,Random Forest
STK33,3.278393404018783,Random Forest
ASB15,3.2728941333149697,Random Forest
SYT2,3.271426285402416,Random Forest
DCST1,3.2701201010640357,Random Forest
MYOF,3.2685259560185256,Random Forest
SLC22A11,3.26785277100597,Random Forest
MBTD1,3.267730155489402,Random Forest
CLTC,3.266637845977746,Random Forest
ST3GAL5,3.2651311405594026,Random Forest
SASH3,3.265012262520345,Random Forest
TCP11L2,3.2648383746266094,Random Forest
HMOX1,3.2611218953662444,Random Forest
CWH43,3.2591444998744,Random Forest
IYD,3.255813386037865,Random Forest
PPIC,3.2554242007501575,Random Forest
NUCKS1,3.251972817039741,Random Forest
SLFN12,3.2518278023903413,Random Forest
PRKG1,3.2499890220912504,Random Forest
SH3BGR,3.249642497811904,Random Forest
RNF5,3.2485016491786416,Random Forest
RPS20,3.2474419937331813,Random Forest
FLJ40288,3.244226015466884,Random Forest
ITM2C,3.2404831508742244,Random Forest
INTS6,3.2387475047986802,Random Forest
CD83,3.2383755587545546,Random Forest
SNRNP200,3.2381093084167465,Random Forest
PER2,3.233643917626582,Random Forest
ATP6AP1L,3.2324174599903484,Random Forest
LMNTD1,3.2318839453470707,Random Forest
HMGCLL1,3.2318574300874254,Random Forest
RP1,3.2317478888589677,Random Forest
TRIM33,3.229679986430086,Random Forest
GRIN3A,3.227734845957549,Random Forest
DISP1,3.227567524999775,Random Forest
ZNF586,3.2265622003845915,Random Forest
CENPK,3.2261964521871778,Random Forest
YPEL5,3.225821500572517,Random Forest
COLEC10,3.2254866811965077,Random Forest
CCDC157,3.2254817266869353,Random Forest
ZNF484,3.2244558987043574,Random Forest
LRCH3,3.2222791161710593,Random Forest
ATP6V1E2,3.2215555458969414,Random Forest
SLC16A14,3.2210911445498502,Random Forest
NPHP1,3.220448865796937,Random Forest
KLHDC7A,3.2176615234795936,Random Forest
ZNF225,3.21675470872393,Random Forest
TSFM,3.215224703196351,Random Forest
TAAR5,3.2124113377235526,Random Forest
PTPRD,3.2123529233577237,Random Forest
CLK3,3.2089852416923117,Random Forest
RNF148,3.207537309722229,Random Forest
MED30,3.207531743097356,Random Forest
GPRC5A,3.2060568035618435,Random Forest
OXNAD1,3.2049962590419714,Random Forest
BRD4,3.2047478705399746,Random Forest
OSCAR,3.2032354015956606,Random Forest
LDHC,3.200826809492904,Random Forest
ASB13,3.20000015222307,Random Forest
RAB7A,3.1985234272219762,Random Forest
DENND2C,3.1965562063436725,Random Forest
METTL3,3.1926175398017924,Random Forest
CDC5L,3.1917809719253665,Random Forest
SPINK7,3.1914912367022734,Random Forest
GSN,3.189637976000672,Random Forest
ST3GAL4,3.1862016154365405,Random Forest
LMO3,3.1857109610814756,Random Forest
PDE6C,3.1797448092516176,Random Forest
MAGEA2,3.1731738040682997,Random Forest
SMAD1,3.1725465833909907,Random Forest
CCL23,3.1685714511905108,Random Forest
GEN1,3.1658572866276073,Random Forest
CD93,3.165728143085302,Random Forest
PSIP1,3.164146010341886,Random Forest
PLBD2,3.1623009938702555,Random Forest
NBPF8,3.1610383180726793,Random Forest
MIER2,3.1609470357679954,Random Forest
PIH1D2,3.157482377628193,Random Forest
ECM2,3.1557167113782274,Random Forest
ZDHHC20,3.1524520743286235,Random Forest
ALDH1L1,3.151412757171554,Random Forest
NELL1,3.151212171014925,Random Forest
ST13,3.1510657610087547,Random Forest
RTKN2,3.1509737603551473,Random Forest
DEF8,3.1507056372921,Random Forest
AGO2,3.1504207322910256,Random Forest
GATM,3.150250986855231,Random Forest
ZC3H15,3.1481055601726937,Random Forest
PLAC1,3.146809082506937,Random Forest
BPIFA1,3.1368906127190552,Random Forest
SPATS2L,3.1363781845074112,Random Forest
ZNF304,3.1342675141987604,Random Forest
MEGF8,3.133540042710644,Random Forest
ZNF780A,3.1308992432078377,Random Forest
SPATA6L,3.1282976121975246,Random Forest
MCF2L,3.128233034279248,Random Forest
ARHGAP24,3.1280592450123024,Random Forest
SHROOM4,3.1185834020829115,Random Forest
CXCR2,3.118077347632308,Random Forest
TMEM107,3.116185030468445,Random Forest
APOBEC3B,3.1138522631060854,Random Forest
ARSF,3.111346329418025,Random Forest
PIAS1,3.1113150879091953,Random Forest
FAM200A,3.110848289738345,Random Forest
TTL,3.1064083043595923,Random Forest
PHF12,3.1043400919929796,Random Forest
MALT1,3.101765086488575,Random Forest
PGBD2,3.100178299689833,Random Forest
PHLDB2,3.0993826163429685,Random Forest
ADAM21,3.097455716332121,Random Forest
ATOH8,3.0973379019674865,Random Forest
SLC12A8,3.0946126869305335,Random Forest
UBR2,3.09388084284011,Random Forest
NXPE4,3.0937456551561437,Random Forest
